<?xml version='1.0' encoding='UTF-8' ?>
<timeLogEntries>
  <time id="8" path="/BookStore/PSP0/Planning" start="@1614961189000" delta="67" interrupt="1" />
  <time id="9" path="/BookStore/PSP0/Planning" start="@1614966536000" delta="11" />
  <time id="10" path="/BookStore/PSP0/Planning" start="@1614977633000" delta="86" />
  <time id="11" path="/BookStore/PSP0/Planning" start="@1615520318000" delta="82" />
  <time id="12" path="/BookStore/PSP0/Planning" start="@1615569636665" delta="3" />
  <time id="13" path="/BookStore/PSP0/Design" start="@1615569817151" delta="63" />
  <time id="14" path="/BookStore/PSP0/Design" start="@1615577608241" delta="60" />
  <time id="15" path="/BookStore/PSP0/Design" start="@1615582407497" delta="38" />
  <time id="16" path="/BookStore/PSP0/Design" start="@1615606753809" delta="48" />
  <time id="17" path="/BookStore/PSP0/Design" start="@1615679601743" delta="39" />
  <time id="18" path="/BookStore/PSP0/Design" start="@1615696644173" delta="69" />
  <time id="19" path="/BookStore/PSP0/Design" start="@1615753890000" delta="5" />
  <time id="20" path="/BookStore/PSP0/Design" start="@1615774798950" delta="53" />
  <time id="21" path="/BookStore/PSP0/Design" start="@1615944235521" delta="173" comment="Structures ATD done" />
  <time id="23" path="/BookStore/PSP0/Code" start="@1616024730000" delta="80" />
  <time id="24" path="/BookStore/PSP0/Code" start="@1616032694523" delta="202" />
  <time id="25" path="/BookStore/PSP0/Code" start="@1616082536997" delta="123" />
  <time id="26" path="/BookStore/PSP0/Code" start="@1616090326413" delta="5" />
  <time id="27" path="/BookStore/PSP0/Code" start="@1616107899553" delta="124" />
  <time id="28" path="/BookStore/PSP0/Code" start="@1616118466568" delta="167" />
  <time id="29" path="/BookStore/PSP0/Code" start="@1616128498307" delta="112" />
  <time id="30" path="/BookStore/PSP0/Code" start="@1616164733388" delta="190" interrupt="20" />
  <time id="31" path="/BookStore/PSP0/Code" start="@1616182922438" delta="126" />
  <time id="32" path="/BookStore/PSP0/Code" start="@1616192601169" delta="96" />
  <time id="33" path="/BookStore/PSP0/Code" start="@1616201704936" delta="47" />
  <time id="34" path="/BookStore/PSP0/Code" start="@1616206917615" delta="91" />
  <time id="35" path="/BookStore/PSP0/Code" start="@1616258020619" delta="105" />
  <time id="36" path="/BookStore/PSP0/Code" start="@1616272626000" delta="50" />
  <time id="37" path="/BookStore/PSP0/Test" start="@1616279225359" delta="301" />
  <time id="39" path="/BookStore/PSP0/Code" start="@1616279411311" delta="32" />
  <time id="40" path="/BookStore/PSP0/Code" start="@1616284098828" delta="64" />
  <time id="41" path="/BookStore/PSP0/Test" start="@1616346080290" delta="127" />
  <time id="42" path="/BookStore/PSP0/Test" start="@1616359025364" delta="134" />
</timeLogEntries>
