<?xml version='1.0' encoding='UTF-8' ?>
<timeLogEntries>
  <time id="1" path="/Book Store/PSP0/Planning" start="@1614961348130" delta="32" />
  <time id="2" path="/Book Store/PSP0/Planning" start="@1614964445811" delta="15" />
  <time id="3" path="/Book Store/PSP0/Planning" start="@1615520481702" delta="21" />
  <time id="4" path="/Book Store/PSP0/Code" start="@1615521764946" delta="61" />
  <time id="5" path="/Book Store/PSP0/Test" start="@1615569272356" delta="6" />
  <time id="6" path="/Book Store/PSP0/Code" start="@1615569610256" delta="16" />
  <time id="7" path="/Book Store/PSP0/Test" start="@1615573237905" delta="20" />
  <time id="8" path="/Book Store/PSP0/Test" start="@1615575839796" delta="38" />
  <time id="9" path="/Book Store/PSP0/Code" start="@1615944221233" delta="18" />
  <time id="10" path="/Book Store/PSP0/Code" start="@1616110031748" delta="51" />
  <time id="11" path="/Book Store/PSP0/Code" start="@1616128194599" delta="118" />
  <time id="12" path="/Book Store/PSP0/Code" start="@1616172123308" delta="72" />
  <time id="13" path="/Book Store/PSP0/Code" start="@1616187250000" delta="638" interrupt="10" />
  <time id="14" path="/Book Store/PSP0/Code" start="@1616257936609" delta="180" />
  <time id="15" path="/Book Store/PSP0/Code" start="@1616275058449" delta="85" />
  <time id="16" path="/Book Store/PSP0/Test" start="@1616280175255" delta="22" />
  <time id="17" path="/Book Store/PSP0/Code" start="@1616284221542" delta="205" />
  <time id="18" path="/Book Store/PSP0/Test" start="@1616296526222" delta="95" />
  <time id="19" path="/Book Store/PSP0/Code" start="@1616302250372" delta="233" />
  <time id="20" path="/Book Store/PSP0/Code" start="@1616349992783" delta="48" />
  <time id="21" path="/Book Store/PSP0/Code" start="@1616356014774" delta="5" />
  <time id="22" path="/Book Store/PSP0/Code" start="@1616356350237" delta="9" />
  <time id="23" path="/Book Store/PSP0/Code" start="@1616357933794" delta="288" />
</timeLogEntries>
