<?xml version='1.0' encoding='UTF-8' ?>
<timeLogEntries>
  <time id="2" path="/Tarea Integradora I/PSP0/Planning" start="@1614961220000" delta="2" />
  <time id="4" path="/Bookstore Project/PSP0/Planning" start="@1614961421412" delta="73" />
  <time id="5" path="/Bookstore Project/PSP0/Code" start="@1615922118000" />
  <time id="7" path="/Bookstore Project/PSP0/Planning" start="@1615922092191" delta="2" />
  <time id="8" path="/Bookstore Project/PSP0/Code" start="@1615922207483" delta="106" />
  <time id="9" path="/Bookstore Project/PSP0/Code" start="@1615991663084" delta="286" />
  <time id="10" path="/Bookstore Project/PSP0/Code" start="@1616032732854" delta="202" />
  <time id="11" path="/Bookstore Project/PSP0/Code" start="@1616128926663" delta="723" interrupt="5" />
  <time id="12" path="/Bookstore Project/PSP0/Code" start="@1616172643709" delta="483" interrupt="34" />
  <time id="13" path="/Bookstore Project/PSP0/Code" start="@1616254515688" delta="423" />
  <time id="14" path="/Bookstore Project/PSP0/Test" start="@1616279905968" />
  <time id="15" path="/Bookstore Project/PSP0/Test" start="@1616279917448" delta="230" />
  <time id="16" path="/Bookstore Project/PSP0/Test" start="@1616369789738" delta="350" />
  <time id="17" path="/Bookstore Project/PSP0/Test" start="@1616444205283" delta="577" />
</timeLogEntries>
